[
  {
    "name": "baka",
    "aliases": [],
    "clientPermissions": [
      "EMBED_LINKS",
      "ADD_REACTIONS"
    ],
    "group": "action",
    "description": "Sends a roleplay gif `baka` to the chat, directed towards the mentioned user, if there is any. Usually interpreted as 「 The user whom this command is directed to is an idiot (in a kawaii-context) 」.",
    "parameters": [
      "User Mention"
    ],
    "examples": [
      "baka @user"
    ]
  },
  {
    "name": "blush",
    "aliases": [],
    "clientPermissions": [
      "EMBED_LINKS",
      "ADD_REACTIONS"
    ],
    "group": "action",
    "description": "Blushes at a user.",
    "parameters": [
      "User Mention"
    ],
    "examples": [
      "blush @user"
    ]
  },
  {
    "name": "cry",
    "aliases": [],
    "clientPermissions": [
      "EMBED_LINKS",
      "ADD_REACTIONS"
    ],
    "group": "action",
    "description": "Sends a roleplay gif `cry` to the chat. Usually interpreted as 「 The user who used this commnd is crying 」. Use to indicate that you are currently crying. May be used in a similar context to the emoji 😢.",
    "parameters": [],
    "examples": [
      "cry"
    ]
  },
  {
    "name": "dance",
    "aliases": [],
    "clientPermissions": [
      "EMBED_LINKS",
      "ADD_REACTIONS"
    ],
    "group": "action",
    "description": "Sends a roleplay gif `dance` to the chat. Usually interpreted as 「 The user who used this commnd is dancing (in joy) 」. Use to indicate that you are currently dancing (context may vary).",
    "parameters": [],
    "examples": [
      "dance"
    ]
  },
  {
    "name": "disgust",
    "aliases": [],
    "clientPermissions": [
      "EMBED_LINKS",
      "ADD_REACTIONS"
    ],
    "group": "action",
    "description": "Sends a roleplay gif `disgust` to the chat, directed towards the mentioned user, if there is any. Usually interpreted as 「 The user whom this command is directed to is digusting (Mazui!!, Kimoi!!) 」. Use to indicate that you are disgusted by their (ideas on their) previous chats. May be used in a similar context to the emoji 🤮.",
    "parameters": [
      "User Mention"
    ],
    "examples": [
      "disgust @user"
    ]
  },
  {
    "name": "feed",
    "aliases": [],
    "clientPermissions": [
      "EMBED_LINKS",
      "ADD_REACTIONS"
    ],
    "group": "action",
    "description": "Sends a roleplay gif `feed` to the chat, directed towards the mentioned user, if there is any. Usually interpreted as 「 The user whom this command is directed to has been fed 」. Use to indicate that you are / wanted to feed the user.",
    "parameters": [
      "User Mention"
    ],
    "examples": [
      "feed @user"
    ]
  },
  {
    "name": "happy",
    "aliases": [],
    "clientPermissions": [
      "EMBED_LINKS",
      "ADD_REACTIONS"
    ],
    "group": "action",
    "description": "Sends a roleplay gif `happy` to the chat. Usually interpreted as 「 The user who used this command is happy (shiawase da!!) 」. Use to indicate that you are currently happy (context may vary). May be used in a similar context to the emoji 😃.",
    "parameters": [],
    "examples": [
      "happy"
    ]
  },
  {
    "name": "holdhands",
    "aliases": [],
    "clientPermissions": [
      "EMBED_LINKS",
      "ADD_REACTIONS"
    ],
    "group": "action",
    "description": "Hold hands of someone special.",
    "parameters": [
      "User Mention"
    ],
    "examples": [
      "holdhands @user"
    ]
  },
  {
    "name": "hug",
    "aliases": [],
    "clientPermissions": [
      "EMBED_LINKS",
      "ADD_REACTIONS"
    ],
    "group": "action",
    "description": "Sends a roleplay gif `hug` to the chat, directed towards the mentioned user, if there is any. Usually interpreted as 「 The user whom this command is directed to has been hugged 」. Use to indicate that you are / wanted to hug the mentioned user (context may vary). May be used in a similar context to the emoji 🤗.",
    "parameters": [
      "User Mention"
    ],
    "examples": [
      "hug @user"
    ]
  },
  {
    "name": "kill",
    "aliases": [],
    "nsfw": true,
    "clientPermissions": [
      "EMBED_LINKS",
      "ADD_REACTIONS"
    ],
    "group": "action",
    "description": "Sends a roleplay gif `kill` to the chat, directed towards the mentioned user, if there is any. Usually interpreted as 「 The user who used this command wants to kill the mentioned user 」. Use to indicate that you are / wanted to kill the mentioned user (context may vary). This is a roleplay command and is meant to be used as a joke, however, this will be limited to a nsfw channel due to sensitive nature of this command. Context should not include real crimes.",
    "parameters": [
      "User Mention"
    ],
    "examples": [
      "kill @user"
    ]
  },
  {
    "name": "kiss",
    "aliases": [],
    "clientPermissions": [
      "EMBED_LINKS",
      "ADD_REACTIONS"
    ],
    "group": "action",
    "description": "Sends a roleplay gif `kiss` to the chat, directed towards the mentioned user, if there is any. Usually interpreted as 「 The user whom this command is directed to has been kissed 」. Use to indicate that you are / wanted to kiss the mentioned user (context may vary). May be used in a similar context to the emoji 😘.",
    "parameters": [
      "User Mention"
    ],
    "examples": [
      "kiss @user"
    ]
  },
  {
    "name": "lick",
    "aliases": [],
    "clientPermissions": [
      "EMBED_LINKS",
      "ADD_REACTIONS"
    ],
    "group": "action",
    "description": "Sends a roleplay gif `lick` to the chat, directed towards the mentioned user, if there is any. Usually interpreted as 「 The user whom this command is directed to has been licked (lero lero lero lero lero) 」. Use to indicate that you are / wanted to lick the mentioned user (context may vary).",
    "parameters": [
      "User Mention"
    ],
    "examples": [
      "lick @user"
    ]
  },
  {
    "name": "midfing",
    "aliases": [],
    "clientPermissions": [
      "EMBED_LINKS",
      "ADD_REACTIONS"
    ],
    "group": "action",
    "nsfw": true,
    "description": "Sends a roleplay gif `midfing` to the chat, directed towards the mentioned user, if there is any. Usually interpreted as 「 The user who used this command wants the mentioned user to **** off 」. Use to indicate that you are annoyed by the user (context may vary). This is a roleplay command and is meant to be used as a joke, however, this will be limited to a nsfw channel due to sensitive nature of this command.",
    "parameters": [
      "User Mention"
    ],
    "examples": [
      "midfing @user"
    ]
  },
  {
    "name": "pat",
    "aliases": [
      "headpat"
    ],
    "clientPermissions": [
      "EMBED_LINKS",
      "ADD_REACTIONS"
    ],
    "group": "action",
    "description": "Sends a roleplay gif `pat` to the chat, directed towards the mentioned user, if there is any. Usually interpreted as 「 The user gave a headpat to the mentioned user 」. Use to indicate that you are / wanted to headpat the mentioned user (context may vary).",
    "parameters": [
      "User Mention"
    ],
    "examples": [
      "pat @user"
    ]
  },
  {
    "name": "poke",
    "aliases": [],
    "clientPermissions": [
      "EMBED_LINKS",
      "ADD_REACTIONS"
    ],
    "group": "action",
    "description": "Sends a roleplay gif `poke` to the chat, directed towards the mentioned user, if there is any. Usually interpreted as 「 The mentioned user ignores you, so you poke them 」. Use to indicate that you are in need of attention from the mentioned user (context may vary).",
    "parameters": [
      "User Mention"
    ],
    "examples": [
      "poke @user"
    ]
  },
  {
    "name": "slap",
    "aliases": [],
    "clientPermissions": [
      "EMBED_LINKS",
      "ADD_REACTIONS"
    ],
    "group": "action",
    "description": "Sends a roleplay gif `slap` to the chat, directed towards the mentioned user, if there is any. Usually interpreted as 「 The user whom this command is directed to has been slapped 」. Use to indicate that you are / wanted to slap the mentioned user (context may vary).",
    "parameters": [
      "User Mention"
    ],
    "examples": [
      "slap @user"
    ]
  },
  {
    "name": "sleep",
    "aliases": [],
    "clientPermissions": [
      "EMBED_LINKS",
      "ADD_REACTIONS"
    ],
    "group": "action",
    "description": "Puts a user to sleep..",
    "parameters": [
      "User Mention"
    ],
    "examples": [
      "hug @user"
    ]
  },
  {
    "name": "smile",
    "aliases": [],
    "clientPermissions": [
      "EMBED_LINKS",
      "ADD_REACTIONS"
    ],
    "group": "action",
    "description": "Smiles at a user.",
    "parameters": [
      "User Mention"
    ],
    "examples": [
      "smile @user"
    ]
  },
  {
    "name": "smug",
    "aliases": [],
    "clientPermissions": [
      "EMBED_LINKS",
      "ADD_REACTIONS"
    ],
    "group": "action",
    "description": "Sends a roleplay gif `smug` to the chat. Usually interpreted as 「 The user who used this command smugs at the previous chat 」. Use to indicate that you sense the ulterior motive the previous user sent in chat.",
    "parameters": [],
    "examples": [
      "smug"
    ]
  },
  {
    "name": "suicide",
    "aliases": [
      "kms"
    ],
    "nsfw": true,
    "clientPermissions": [
      "EMBED_LINKS",
      "ADD_REACTIONS"
    ],
    "group": "action",
    "description": "Sends a roleplay gif `suicide` to the chat. Usually interpreted as 「 The user who used this command wants to commit suicide (in a jokingly manner) 」. Use to indicate that you are stunned by the previous user's chats that it makes you want to kys. This is a roleplay command and is meant to be used as a joke, however, this will be limited to a nsfw channel due to sensitive nature of this command. Context should not include real crimes.",
    "parameters": [],
    "examples": [
      "suicide",
      "kms"
    ]
  },
  {
    "name": "tickle",
    "aliases": [],
    "clientPermissions": [
      "EMBED_LINKS",
      "ADD_REACTIONS"
    ],
    "group": "action",
    "description": "Sends a roleplay gif `tickle` to the chat, directed towards the mentioned user, if there is any. Usually interpreted as 「 The user whom this command is directed to has been tickled 」. Use to indicate that you tickled the mentioned user (context may vary).",
    "parameters": [
      "User Mention"
    ],
    "examples": [
      "tickle @user"
    ]
  },
  {
    "name": "wave",
    "aliases": [],
    "clientPermissions": [
      "EMBED_LINKS",
      "ADD_REACTIONS"
    ],
    "group": "action",
    "description": "Wave at someone.",
    "parameters": [
      "User Mention"
    ],
    "examples": [
      "wave @user"
    ]
  },
  {
    "name": "wink",
    "aliases": [],
    "clientPermissions": [
      "EMBED_LINKS",
      "ADD_REACTIONS"
    ],
    "group": "action",
    "description": "Wink at a user.",
    "parameters": [
      "User Mention"
    ],
    "examples": [
      "wink @user"
    ]
  },
  {
    "name": "alprofile",
    "aliases": [
      "al-of",
      "alof",
      "alstat",
      "aluser"
    ],
    "cooldown": {
      "time": 10000
    },
    "clientPermissions": [
      "EMBED_LINKS"
    ],
    "group": "anime",
    "description": "Finds user profile on [Anilist](https://anilist.co) based on the provided query.",
    "parameters": [
      "Anilist Username"
    ],
    "examples": [
      "alprofile",
      "al-of sakurajimai",
      "alof sakurajimai",
      "alstat sakurajimai",
      "aluser sakurajimai"
    ]
  },
  {
    "name": "anime",
    "aliases": [
      "ani",
      "as",
      "anisearch"
    ],
    "cooldown": {
      "time": 10000,
      "message": "You are going too fast. Please slow down to avoid getting rate-limited!"
    },
    "clientPermissions": [
      "EMBED_LINKS"
    ],
    "group": "anime",
    "description": "Searches for a specific anime in <:mal:767062339177676800> [MyAnimeList](https://myanimelist.net \"Homepage\"), or shows Mai's anime series information if no query is provided.",
    "parameters": [
      "Search Query"
    ],
    "examples": [
      "anime",
      "as seishun buta yarou",
      "ani aobuta",
      "anisearch bunnygirl senpai"
    ]
  },
  {
    "name": "animeme",
    "aliases": [
      "ameme",
      "animememe",
      "animemes",
      "animememes",
      "amemes"
    ],
    "guildOnly": true,
    "group": "anime",
    "clientPermissions": [
      "EMBED_LINKS"
    ],
    "description": "Generate an anime meme fetched from selected <:reddit:767062345422864394> [Subreddits](https://reddit.com \"Homepage\"). Include `reload` parameter to reload meme cache. Memes generated are in order by default, add `r`, `random`, or `randomize` to randomize meme.",
    "parameters": [
      "Reload tag",
      "Randomization tag"
    ],
    "examples": [
      "animeme",
      "ameme reload",
      "animeme random",
      "animemes reload",
      "amemes"
    ]
  },
  {
    "name": "aniquote",
    "aliases": [
      "aq",
      "animequote"
    ],
    "group": "anime",
    "clientPermissions": [
      "EMBED_LINKS"
    ],
    "description": "Generate a random anime quote.",
    "parameters": [],
    "examples": [
      "aniquote",
      "aq",
      "animequote"
    ]
  },
  {
    "name": "anirandom",
    "aliases": [
      "anirand",
      "anirecommend"
    ],
    "cooldown": {
      "time": 15000,
      "message": "You are going too fast. Please slow down to avoid getting rate-limited!"
    },
    "group": "anime",
    "description": "Generates a random anime recommendation. Recommends a Hentai if used on a nsfw channel.",
    "clientPermissions": [
      "EMBED_LINKS"
    ],
    "parameter": [],
    "examples": [
      "anirandom",
      "anirand",
      "anirecommend"
    ]
  },
  {
    "name": "character",
    "aliases": [
      "anichar",
      "char",
      "c"
    ],
    "cooldown": {
      "time": 10000,
      "message": "You are going too fast. Please slow down to avoid getting rate-limited!"
    },
    "clientPermissions": [
      "EMBED_LINKS"
    ],
    "group": "anime",
    "description": "Searches for a character in <:mal:767062339177676800> [MyAnimeList](https://myanimelist.net \"Homepage\"), or Mai's character information if no query is provided.",
    "parameters": [
      "Search Query"
    ],
    "examples": [
      "character",
      "anichar Mai",
      "anichar Sakuta Azusagawa",
      "char Rio Futaba",
      "c Kaede Azusagawa"
    ]
  },
  {
    "name": "discover",
    "aliases": [],
    "guildOnly": true,
    "group": "anime",
    "description": "Generate a set of handpicked <Anime/Manga> recommendations for a user.",
    "clientPermissions": [
      "EMBED_LINKS",
      "USE_EXTERNAL_EMOJIS",
      "ADD_REACTIONS"
    ],
    "parameter": [
      "Manga",
      "Anime"
    ],
    "examples": [
      "discover anime",
      "discover manga"
    ]
  },
  {
    "name": "hanime",
    "aliases": [
      "searchhentai",
      "hanisearch",
      "hs"
    ],
    "cooldown": {
      "time": 10000,
      "message": "You are going too fast! Please slow down to avoid getting ratelimited."
    },
    "clientPermissions": [
      "EMBED_LINKS",
      "MANAGE_MESSAGES"
    ],
    "group": "anime",
    "nsfw": true,
    "description": "Queries hanime.tv for a specific hentai. Returns a maximum of 10 results",
    "parameters": [
      "Search Query"
    ],
    "examples": [
      "hanime saimin seishidou",
      "searchhentai mankitsu happening",
      "hanisearch dropout",
      "hs tamashii insert"
    ]
  },
  {
    "name": "malprofile",
    "aliases": [
      "mal-of",
      "malof",
      "malstat",
      "maluser"
    ],
    "cooldown": {
      "time": 10000
    },
    "clientPermissions": [
      "EMBED_LINKS"
    ],
    "group": "anime",
    "description": "Finds user profile on myanimelist based on the provided query.",
    "parameters": [
      "Myanimelist Username"
    ],
    "examples": [
      "malprofile sakurajimai-san",
      "mal-of sakurajimai-san",
      "malof sakurajimai-san",
      "malstat sakurajimai-san",
      "maluser sakurajimai-san"
    ]
  },
  {
    "name": "manga",
    "aliases": [
      "comic",
      "manhwa",
      "manhua"
    ],
    "guildOnly": true,
    "cooldown": {
      "time": 10000,
      "message": "Oops! You are going too fast! Please slow down to avoid being rate-limited!"
    },
    "clientPermissions": [
      "EMBED_LINKS",
      "USE_EXTERNAL_EMOJIS",
      "ADD_REACTIONS"
    ],
    "group": "anime",
    "description": "Searches for a Manga / Manhwa / Manhua in <:mal:767062339177676800> [MyAnimeList](https://myanimelist.net.co \"Homepage\"), or shows Seishun Buta Yarou if no query is provided.",
    "parameters": [
      "Search Query"
    ],
    "examples": [
      "manga",
      "comic rascal does not dream",
      "manhwa solo leveling",
      "manhua king's avatar"
    ]
  },
  {
    "name": "mangarandom",
    "aliases": [
      "mangarand"
    ],
    "cooldown": {
      "time": 15000,
      "message": "You are going too fast. Please slow down to avoid getting rate-limited!"
    },
    "group": "anime",
    "description": "Generates a random manga recommendation. Recommends a Hentai if used on a nsfw channel.",
    "clientPermissions": [
      "EMBED_LINKS"
    ],
    "parameter": [],
    "examples": [
      "mangarandom",
      "mangarand"
    ]
  },
  {
    "name": "nextairdate",
    "aliases": [
      "nextairing",
      "nextair",
      "nextep",
      "nextepisode"
    ],
    "cooldown": {
      "time": 10000,
      "message": "You are going too fast! Please slow down to avoid being rate-limited!"
    },
    "clientPermissions": [
      "EMBED_LINKS"
    ],
    "group": "anime",
    "description": "Shows the remaining time for the next episode of given anime. Returns this day's schedule, if no anime is specified",
    "parameters": [
      "Search Query"
    ],
    "examples": [
      "nextairdate",
      "nextair boruto",
      "nextairing black clover",
      "nextep attack on titan",
      "nextepisode tensura"
    ]
  },
  {
    "name": "sauce",
    "aliases": [
      "gimmesauce",
      "finddoujin",
      "doujin",
      "nhentai",
      "saucefor"
    ],
    "guildOnly": true,
    "cooldown": {
      "time": 30000,
      "message": "You are going too fast! Please slow down to avoid being rate-limited!"
    },
    "nsfw": true,
    "group": "anime",
    "description": "Fetch doujin information from <:nhentai:767062351169323039> [nHentai](https://nhentai.net \"nHentai Homepage\")",
    "clientPermissions": [
      "EMBED_LINKS"
    ],
    "parameters": [
      "Media ID"
    ],
    "examples": [
      "sauce 263492",
      "gimmesauce 166258",
      "finddoujin 177013",
      "doujin 245212",
      "nhentai 337864",
      "saucefor 337879"
    ]
  },
  {
    "name": "schedule",
    "aliases": [
      "anitoday",
      "airinglist",
      "airing"
    ],
    "guildOnly": true,
    "cooldown": {
      "time": 60000,
      "message": "You are going too fast! Please slow down to avoid being rate-limited!"
    },
    "clientPermissions": [
      "EMBED_LINKS",
      "ADD_REACTIONS",
      "USE_EXTERNAL_EMOJIS"
    ],
    "group": "anime",
    "description": "Displays the list of currently airing anime for today's date or given weekday.",
    "parameters": [
      "Weekday"
    ],
    "examples": [
      "schedule monday",
      "anitoday",
      "airinglist sunday",
      "airing saturday"
    ]
  },
  {
    "name": "seiyuu",
    "aliases": [
      "voice",
      "va"
    ],
    "cooldown": {
      "time": 10000,
      "msg": "Oops! You are going to fast! Please slow down to avoid being rate-limited!"
    },
    "clientPermissions": [
      "EMBED_LINKS"
    ],
    "group": "anime",
    "description": "Search for seiyuu's on your favorite anime characters, or Mai's seiyuu if no query is provided!",
    "parameters": [
      "search query"
    ],
    "examples": [
      "seiyuu",
      "voice amamiya sora",
      "va yuuki kaji"
    ]
  },
  {
    "name": "top",
    "aliases": [],
    "guildOnly": true,
    "group": "anime",
    "description": "Shows top anime (\\🛠️ currently broken)",
    "clientPermissions": [
      "EMBED_LINKS"
    ],
    "parameters": [
      "rank or range",
      "type",
      "subtype"
    ],
    "examples": [
      "top"
    ]
  },
  {
    "name": "upcoming",
    "aliases": [],
    "guildOnly": true,
    "clientPermissions": [
      "EMBED_LINKS",
      "ADD_REACTIONS",
      "USE_EXTERNAL_EMOJIS"
    ],
    "cooldown": {
      "time": 15000
    },
    "group": "anime",
    "description": "Displays the list of upcoming anime.",
    "parameters": [
      "Anime Media Type"
    ],
    "examples": [
      "upcoming",
      "upcoming tv",
      "upcoming ona",
      "upcoming ova",
      "upcoming movie",
      "upcoming special",
      "upcoming -"
    ]
  },
  {
    "name": "waifu",
    "aliases": [],
    "group": "anime",
    "description": "Generates random waifu.",
    "clientPermissions": [
      "EMBED_LINKS",
      "ATTACH_FILES",
      "READ_MESSAGE_HISTORY"
    ],
    "parameters": [],
    "examples": [
      "waifu"
    ]
  },
  {
    "name": "feedback",
    "aliases": [],
    "guildOnly": true,
    "cooldown": {
      "time": 30000
    },
    "clientPermissions": [],
    "group": "bot",
    "description": "Sends support message to this bot's owner (Sakurajimai#6742)",
    "parameters": [
      "Feedback Message"
    ],
    "examples": [
      "feedback this command is not working bla bla.."
    ]
  },
  {
    "name": "invite",
    "aliases": [],
    "guildOnly": true,
    "group": "bot",
    "description": "Gives you the invite link",
    "clientPermissions": [
      "EMBED_LINKS"
    ],
    "examples": [
      "invite"
    ]
  },
  {
    "name": "ping",
    "aliases": [
      "latency"
    ],
    "group": "bot",
    "description": "Display various pings this bot is connected to.",
    "clientPermissions": [
      "EMBED_LINKS"
    ],
    "parameters": [],
    "examples": [
      "ping",
      "latency"
    ]
  },
  {
    "name": "stats",
    "aliases": [
      "status",
      "botstatus"
    ],
    "group": "bot",
    "description": "Displays the status of the current bot instance.",
    "clientPermissions": [
      "EMBED_LINKS",
      "ATTACH_FILES"
    ],
    "parameters": [],
    "examples": [
      "stats",
      "status",
      "botstatus"
    ]
  },
  {
    "name": "support",
    "aliases": [],
    "guildOnly": true,
    "group": "bot",
    "description": "Displays various ways to show support for Mai",
    "clientPermissions": [
      "EMBED_LINKS"
    ],
    "parameters": [],
    "examples": [
      "support"
    ]
  },
  {
    "name": "commands",
    "aliases": [
      "cmd",
      "command"
    ],
    "group": "core",
    "description": "Sends a list of all commands from each specific command groups",
    "clientPermissions": [
      "EMBED_LINKS"
    ],
    "parameters": [],
    "examples": [
      "commands",
      "cmd",
      "command"
    ]
  },
  {
    "name": "help",
    "aliases": [],
    "group": "core",
    "description": "Displays basic information or a help for a command.",
    "clientPermissions": [
      "EMBED_LINKS"
    ],
    "parameters": [
      "Command Name/Alias"
    ],
    "examples": [
      "help anirand",
      "help watching",
      "help register"
    ]
  },
  {
    "name": "mai",
    "aliases": [
      "bestgirl"
    ],
    "group": "core",
    "description": "Mai is the best girl and there's no denying it!",
    "clientPermissions": [
      "EMBED_LINKS",
      "ATTACH_FILES"
    ],
    "examples": [
      "mai",
      "bestgirl"
    ]
  },
  {
    "name": "suggest",
    "aliases": [],
    "guildOnly": true,
    "group": "core",
    "description": "Suggest something for the server. If you have suggestion for the bot instead please use the feedback command or join our support server",
    "clientPermissions": [
      "EMBED_LINKS",
      "ADD_REACTIONS"
    ],
    "parameters": [
      "Suggestion Message"
    ],
    "examples": [
      "suggest please remove some of the inactive members..."
    ]
  },
  {
    "name": "watching",
    "aliases": [
      "watchlist",
      "list"
    ],
    "guildOnly": true,
    "cooldown": {
      "time": 60000
    },
    "group": "core",
    "description": "View list of anime this server is subscribed to.",
    "requiresDatabase": true,
    "clientPermissions": [
      "EMBED_LINKS",
      "MANAGE_MESSAGES"
    ],
    "examples": [
      "watching",
      "watchlist",
      "list"
    ]
  },
  {
    "name": "8ball",
    "aliases": [
      "🎱",
      "8b",
      "8-ball",
      "eightball"
    ],
    "group": "fun",
    "description": "Ask anything on the magic 8-ball",
    "parameters": [
      "Question answerable by Yes/No"
    ],
    "examples": [
      "8ball is mai a good bot?",
      "🎱 is FMA worth of it's top spot?",
      "8b is BNHA good",
      "8-ball Do you want to play Among us?",
      "eightball Have you been in a tight spot before?"
    ]
  },
  {
    "name": "advice",
    "aliases": [
      "tips",
      "advise"
    ],
    "group": "fun",
    "description": "Generate a random useless advice",
    "clientPermissions": [
      "EMBED_LINKS"
    ],
    "examples": [
      "advice",
      "tips",
      "advise"
    ]
  },
  {
    "name": "birdfacts",
    "aliases": [
      "birdfact",
      "tori",
      "bird"
    ],
    "group": "fun",
    "description": "Generate a random useless bird facts",
    "clientPermissions": [
      "EMBED_LINKS"
    ],
    "examples": [
      "birdfacts",
      "birdfact",
      "tori",
      "bird"
    ]
  },
  {
    "name": "catfacts",
    "aliases": [
      "catfact",
      "neko",
      "cf"
    ],
    "group": "fun",
    "description": "Generate a random useless cat facts",
    "clientPermissions": [
      "EMBED_LINKS"
    ],
    "examples": [
      "catfacts",
      "catfact",
      "neko",
      "cf"
    ]
  },
  {
    "name": "comment",
    "aliases": [],
    "guildOnly": true,
    "group": "fun",
    "description": "Comment something and return a youtube-like comment",
    "clientPermissions": [
      "ATTACH_FILES"
    ],
    "examples": [
      "comment I never thought this would be the effect."
    ]
  },
  {
    "name": "dogfacts",
    "aliases": [
      "dogfact",
      "inu",
      "df"
    ],
    "group": "fun",
    "description": "Generate a random useless dog facts",
    "clientPermissions": [
      "EMBED_LINKS"
    ],
    "examples": [
      "dogfacts",
      "dogfact",
      "inu",
      "df"
    ]
  },
  {
    "name": "flip",
    "aliases": [
      "coinflip",
      "coin",
      "tosscoin",
      "tc"
    ],
    "group": "fun",
    "description": "Win or Lose, Flip a Coin [Head or Tails]",
    "examples": [
      "flip head",
      "coinflip tail"
    ]
  },
  {
    "name": "fortune",
    "aliases": [
      "ft",
      "fortunecookies",
      "fortunecookie"
    ],
    "group": "fun",
    "description": "Generate a random fortune",
    "clientPermissions": [
      "EMBED_LINKS"
    ],
    "examples": [
      "fortune",
      "ft",
      "fortunecookies",
      "fortunecookie"
    ]
  },
  {
    "name": "horoscope",
    "aliases": [],
    "group": "fun",
    "description": "Find out your horoscope for today!",
    "clientPermissions": [
      "EMBED_LINKS"
    ],
    "examples": [
      "horoscope libra",
      "horoscope sagittarius"
    ]
  },
  {
    "name": "invert",
    "aliases": [],
    "group": "fun",
    "description": "Invert the colors on user avatar",
    "clientPermissions": [
      "ATTACH_FILES"
    ],
    "parameters": [
      "User ID",
      "User Mention"
    ],
    "examples": [
      "invert @user",
      "invert 721612345678987654456"
    ]
  },
  {
    "name": "joke",
    "aliases": [
      "haha"
    ],
    "group": "fun",
    "description": "Generate a random joke from a joke API",
    "clientPermissions": [
      "EMBED_LINKS"
    ],
    "examples": [
      "joke",
      "haha"
    ]
  },
  {
    "name": "meme",
    "aliases": [
      "humorme"
    ],
    "group": "fun",
    "description": "Generate a random meme from a select subreddit.",
    "clientPermissions": [
      "EMBED_LINKS"
    ],
    "examples": [
      "meme",
      "humorme"
    ]
  },
  {
    "name": "pandafacts",
    "aliases": [
      "pandafact",
      "pf"
    ],
    "group": "fun",
    "description": "Generate a random useless pandaa facts",
    "clientPermissions": [
      "EMBED_LINKS"
    ],
    "examples": [
      "pandafacts",
      "pandafact",
      "pf"
    ]
  },
  {
    "name": "pokemon",
    "aliases": [
      "pokedex",
      "pokémon",
      "pokédex"
    ],
    "group": "fun",
    "description": "Find a specific pokemon using the pokédex, or pikachu if no query is provided.",
    "clientPermissions": [
      "EMBED_LINKS"
    ],
    "examples": [
      "pokemon",
      "pokedex pikachu",
      "pokémon clefairy",
      "pokédex jigglypuff"
    ]
  },
  {
    "name": "rate",
    "aliases": [],
    "group": "fun",
    "description": "Rates the provided argument",
    "parameters": [
      "something to rate with"
    ],
    "examples": [
      "rate Potato",
      "rate cheese",
      "rate Bringles"
    ]
  },
  {
    "name": "respect",
    "aliases": [
      "f",
      "rp",
      "+rp"
    ],
    "group": "fun",
    "description": "Show thy respect. Accepts arguments.",
    "clientPermissions": [
      "EMBED_LINKS"
    ],
    "examples": [
      "respect",
      "f Kyoto Animation",
      "rp @user"
    ]
  },
  {
    "name": "reverse",
    "aliases": [],
    "group": "fun",
    "description": "Reverses the supplied text",
    "examples": [
      "reverse This text will be reversed."
    ]
  },
  {
    "name": "roll",
    "aliases": [],
    "group": "fun",
    "description": "Generate a random number from 1-[selected number]",
    "examples": [
      "roll 10",
      "roll 100",
      "roll 1234567"
    ]
  },
  {
    "name": "triggered",
    "aliases": [],
    "group": "fun",
    "description": "Triggered users",
    "clientPermissions": [
      "ATTACH_FILES"
    ],
    "parameters": [
      "User ID",
      "User Mention"
    ],
    "examples": [
      "triggered @user",
      "triggered 78213712536152371"
    ]
  },
  {
    "name": "addemoji",
    "aliases": [],
    "guildOnly": true,
    "permissions": [
      "MANAGE_EMOJIS"
    ],
    "clientPermissions": [
      "MANAGE_EMOJIS"
    ],
    "group": "moderation",
    "description": "Add an emoji to the server using the supplied image URL and name (optional)",
    "parameters": [
      "Image URL",
      "Emoji Name"
    ],
    "examples": [
      "addemoji https://some-url/path-to-image.format emojiname"
    ]
  },
  {
    "name": "addroles",
    "aliases": [
      "addrole"
    ],
    "guildOnly": true,
    "permissions": [
      "MANAGE_ROLES"
    ],
    "clientPermissions": [
      "MANAGE_ROLES"
    ],
    "group": "moderation",
    "description": "Adds the mentioned roles and/or supplied role IDs to the mentioned user",
    "examples": [
      "addroles @user @role1 @role2 @role3",
      "addrole @user @role"
    ]
  },
  {
    "name": "ban",
    "aliases": [],
    "guildOnly": true,
    "permissions": [
      "BAN_MEMBERS"
    ],
    "clientPermissions": [
      "BAN_MEMBERS"
    ],
    "group": "moderation",
    "description": "Ban mentioned user from this server.",
    "parameters": [
      "User Mention | ID",
      "Ban Reason"
    ],
    "examples": [
      "ban @user breaking server rules",
      "ban @user",
      "ban 7827342137832612783"
    ]
  },
  {
    "name": "clear",
    "aliases": [
      "delete",
      "slowprune",
      "sd",
      "slowdelete"
    ],
    "guildOnly": true,
    "permissions": [
      "MANAGE_MESSAGES"
    ],
    "clientPermissions": [
      "MANAGE_MESSAGES",
      "EMBED_LINKS"
    ],
    "group": "moderation",
    "description": "Delete messages from this channel. Will not delete messages older than two (2) weeks.",
    "parameters": [
      "Quantity of Message"
    ],
    "examples": [
      "clear 10",
      "delete 99",
      "slowprune 50"
    ]
  },
  {
    "name": "hackban",
    "aliases": [],
    "guildOnly": true,
    "permissions": [
      "BAN_MEMBERS"
    ],
    "clientPermissions": [
      "BAN_MEMBERS"
    ],
    "group": "moderation",
    "description": "bans a user even if they are not in the server.",
    "parameters": [
      "User ID",
      "Ban Reason"
    ],
    "examples": [
      "hackban 7823713678123123123",
      "hackban 2345678765423567817 not following discord tos"
    ]
  },
  {
    "name": "kick",
    "aliases": [],
    "guildOnly": true,
    "permissions": [
      "KICK_MEMBERS"
    ],
    "clientPermissions": [
      "KICK_MEMBERS"
    ],
    "group": "moderation",
    "description": "Kick mentioned user from this server.",
    "parameters": [
      "User Mention | ID",
      "Kick Reason"
    ],
    "examples": [
      "kick @user breaking server rules",
      "kick @user",
      "kick 7827342137832612783"
    ]
  },
  {
    "name": "lockdown",
    "aliases": [
      "lock",
      "ld",
      "lockchannel"
    ],
    "guildOnly": true,
    "permissions": [
      "MANAGE_MESSAGES",
      "MANAGE_CHANNELS"
    ],
    "clientPermissions": [
      "MANAGE_CHANNELS"
    ],
    "group": "moderation",
    "description": "[Prevent/Allow] users from sending messages in the current channel. Permission Overwrites will be lost.",
    "examples": [
      "lockdown",
      "lock",
      "ld",
      "lockchannel"
    ]
  },
  {
    "name": "mute",
    "aliases": [
      "deafen",
      "silence",
      "shut"
    ],
    "guildOnly": true,
    "permissions": [
      "MANAGE_ROLES"
    ],
    "group": "moderation",
    "description": "Prevents a user from sending a message in this server",
    "parameters": [
      "User Mention | ID"
    ],
    "examples": [
      "mute @user",
      "mute 798213718237181231"
    ]
  },
  {
    "name": "nuke",
    "aliases": [
      "clearall"
    ],
    "guildOnly": true,
    "permissions": [
      "MANAGE_MESSAGES",
      "MANAGE_CHANNELS"
    ],
    "clientPermissions": [
      "MANAGE_CHANNELS"
    ],
    "group": "moderation",
    "description": "Removes all messages in the channel (Deletes the old channel and makes a copy of it with permissions intact)",
    "examples": [
      "nuke",
      "clearall"
    ]
  },
  {
    "name": "resetchannel",
    "aliases": [
      "resetch"
    ],
    "guildOnly": true,
    "permissions": [
      "MANAGE_CHANNELS"
    ],
    "clientPermissions": [
      "MANAGE_CHANNELS"
    ],
    "group": "moderation",
    "description": "Removes all permission overwrites and resets @everyone permissions to `unset`",
    "examples": [
      "resetchannel",
      "resetch"
    ]
  },
  {
    "name": "resetroles",
    "aliases": [
      "resetrole",
      "removeroles",
      "removerole",
      "purgerole"
    ],
    "guildOnly": true,
    "permissions": [
      "MANAGE_ROLES"
    ],
    "clientPermissions": [
      "MANAGE_ROLES"
    ],
    "group": "moderation",
    "description": "Removes **all** custom roles from a user. (@everyone will be excluded)",
    "parameters": [
      "User Mention | ID"
    ],
    "examples": [
      "resetroles @user",
      "resetrole 7283746571920016374"
    ]
  },
  {
    "name": "respond",
    "aliases": [],
    "guildOnly": true,
    "adminOnly": true,
    "group": "moderation",
    "description": "Respond to user suggestion",
    "parameters": [
      "Message ID",
      "accept/deny",
      "reason"
    ],
    "examples": [
      "respond 690105173087223812 deny Doesn't make much sense to do this"
    ]
  },
  {
    "name": "softban",
    "aliases": [],
    "guildOnly": true,
    "permissions": [
      "BAN_MEMBERS"
    ],
    "clientPermissions": [
      "BAN_MEMBERS"
    ],
    "group": "moderation",
    "description": "Kicks a user and deletes all their messages in the past 7 days",
    "parameters": [
      "user Mention/ID"
    ],
    "examples": [
      "softban @user",
      "softban 7283746574829102938"
    ]
  },
  {
    "name": "softlockdown",
    "aliases": [
      "softlock",
      "softld",
      "softlockchannel"
    ],
    "guildOnly": true,
    "permissions": [
      "MANAGE_MESSAGES",
      "MANAGE_CHANNELS"
    ],
    "clientPermissions": [
      "MANAGE_CHANNELS"
    ],
    "group": "moderation",
    "description": "[Prevent/Allow] users without special permissions from sending messages in the current channel. Permission Overwrites will be kept.",
    "examples": [
      "softlockdown",
      "softlock"
    ]
  },
  {
    "name": "softmute",
    "aliases": [],
    "guildOnly": true,
    "permissions": [
      "MANAGE_ROLES"
    ],
    "group": "moderation",
    "description": "Toggle to prevent a user from sending a message in this channel",
    "parameters": [
      "User Mention | ID"
    ],
    "examples": [
      "softmute @user",
      "softmute 728374657483920192"
    ]
  },
  {
    "name": "unban",
    "aliases": [],
    "guildOnly": true,
    "permissions": [
      "BAN_MEMBERS"
    ],
    "clientPermissions": [
      "BAN_MEMBERS"
    ],
    "group": "moderation",
    "description": "Unbans a user from this server",
    "parameters": [
      "user Mention/ID",
      "Unban Reason"
    ],
    "examples": [
      "unban 728374657483920192"
    ]
  },
  {
    "name": "unmute",
    "aliases": [
      "undeafen",
      "unsilence",
      "speak"
    ],
    "guildOnly": true,
    "permissions": [
      "MANAGE_ROLES"
    ],
    "group": "moderation",
    "description": "Unmutes a muted user from this server.",
    "parameters": [
      "User Mention | ID"
    ],
    "examples": [
      "unmute @user",
      "unmute 7283746574829102938"
    ]
  },
  {
    "name": "addcredits",
    "aliases": [],
    "guildOnly": true,
    "ownerOnly": true,
    "group": "owner",
    "description": "Add credits to users! Append negative sign to remove credits from users!",
    "requiresDatabase": true,
    "examples": [
      "addcredits @user 1000"
    ]
  },
  {
    "name": "cleanup",
    "aliases": [],
    "guildOnly": true,
    "group": "owner",
    "description": "Remove all finished anime from anilist scheduler. Regularly run once in 4 months to reduce id clutters on watchlist data.",
    "examples": [
      "cleanup"
    ]
  },
  {
    "name": "eval",
    "aliases": [],
    "ownerOnly": true,
    "group": "owner",
    "description": "Evaluate arbitrary Javascript",
    "parameters": [
      "Javascript Code"
    ],
    "examples": [
      "eval 1+1"
    ]
  },
  {
    "name": "fleave",
    "aliases": [
      "forceleave",
      "leaveguild",
      "removeguild",
      "leaveserver"
    ],
    "ownerOnly": true,
    "group": "owner",
    "description": "Force Mai to leave a server",
    "parameters": [
      "server ID",
      "Reason"
    ],
    "examples": [
      "fleave 728374657483920374"
    ]
  },
  {
    "name": "reload",
    "aliases": [],
    "ownerOnly": true,
    "group": "owner",
    "description": "Reloads a command",
    "parameters": [
      "command name/alias"
    ],
    "examples": [
      "reload anime"
    ]
  },
  {
    "name": "disableanisched",
    "aliases": [
      "anischedoff"
    ],
    "guildOnly": true,
    "adminOnly": true,
    "group": "setup",
    "description": "Disable the anisched feature for this server",
    "requiresDatabase": true,
    "parameters": [],
    "examples": [
      "disableanisched",
      "anischedoff"
    ]
  },
  {
    "name": "goodbyetoggle",
    "aliases": [],
    "guildOnly": true,
    "adminOnly": true,
    "group": "setup",
    "description": "Toggle the `Leaving Member Announcer` on and off.",
    "requiresDatabase": true,
    "examples": [
      "goodbyetoggle"
    ]
  },
  {
    "name": "setanischedch",
    "aliases": [
      "setanischedulechannel",
      "setanischedulech",
      "setanischedchannel"
    ],
    "guildOnly": true,
    "adminOnly": true,
    "group": "setup",
    "description": "Where will i post the announcement for recently aired anime?",
    "requiresDatabase": true,
    "parameters": [
      "Channel ID/Mention"
    ],
    "examples": [
      "setanischedch #anime-updates",
      "setanischedulech 728394059683726123"
    ]
  },
  {
    "name": "setgoodbyech",
    "aliases": [],
    "guildOnly": true,
    "adminOnly": true,
    "group": "setup",
    "description": "Set up the goodbye channel",
    "requiresDatabase": true,
    "parameters": [
      "Channel ID/Mention"
    ],
    "examples": [
      "setgoodbyech #member-leaves",
      "setgoodbyech 728374657482937465"
    ]
  },
  {
    "name": "setgoodbyemsg",
    "aliases": [],
    "guildOnly": true,
    "adminOnly": true,
    "group": "setup",
    "description": "Set up the goodbye message. Supports Embeds! [Learn how to set up your Leaving Member Announcer](https://guides.mai-san.ml/)",
    "requiresDatabase": true,
    "parameters": [
      "options",
      "other parameters"
    ],
    "examples": [
      "setgoodbyemsg default",
      "setgoodbyemsg embed=true",
      "setgoodbyemsg embed=set -author=image:[ <url> ]"
    ]
  },
  {
    "name": "setmute",
    "aliases": [
      "setmuterole"
    ],
    "guildOnly": true,
    "adminOnly": true,
    "group": "setup",
    "description": "Set up the mute role.",
    "requiresDatabase": true,
    "parameters": [
      "Role <ID/Mention/Name>"
    ],
    "examples": [
      "setmute @muted",
      "setmute 73847566859304855",
      "setmute muted"
    ]
  },
  {
    "name": "setprefix",
    "aliases": [],
    "guildOnly": true,
    "adminOnly": true,
    "group": "setup",
    "description": "Set up custom prefix for this server.",
    "requiresDatabase": true,
    "parameters": [
      "prefix"
    ],
    "examples": [
      "setprefix ?"
    ]
  },
  {
    "name": "setsuggestch",
    "aliases": [],
    "guildOnly": true,
    "adminOnly": true,
    "group": "setup",
    "description": "Set up the suggestion channel",
    "requiresDatabase": true,
    "parameters": [
      "Channel ID/Mention"
    ],
    "examples": [
      "setsuggestch 6273849506948347573",
      "setsuggestch #suggestions"
    ]
  },
  {
    "name": "setwelcomech",
    "aliases": [],
    "guildOnly": true,
    "adminOnly": true,
    "group": "setup",
    "description": "Set up the welcome channel",
    "requiresDatabase": true,
    "parameters": [
      "Channel ID/Mention"
    ],
    "examples": [
      "setwelcomech 72838485961627384",
      "setwelcomech #member-joins"
    ]
  },
  {
    "name": "setwelcomemsg",
    "aliases": [],
    "guildOnly": true,
    "adminOnly": true,
    "group": "setup",
    "description": "Set up the welcome message. Supports Embeds! [Learn how to set up your Welcome Message](https://guides.mai-san.ml/)",
    "requiresDatabase": true,
    "parameters": [
      "options",
      "other parameters"
    ],
    "examples": [
      "setwelcomemsg default",
      "setwelcomemsg embed=true",
      "setwelcomemsg embed=set -author=image:[ <url> ]"
    ]
  },
  {
    "name": "unwatch",
    "aliases": [
      "anischedremove",
      "anischedunwatch"
    ],
    "guildOnly": true,
    "adminOnly": true,
    "group": "setup",
    "description": [
      "Removes a watched anime from your watchlist"
    ],
    "requiresDatabase": true,
    "parameters": [
      "Anilist/Mal link"
    ],
    "examples": [
      "unwatch https://myanimelist.net/anime/45678",
      "unwatch https://anilist.co/anime/10778"
    ]
  },
  {
    "name": "userxpreset",
    "aliases": [
      "resetuserxp",
      "resetxpuser"
    ],
    "guildOnly": true,
    "adminOnly": true,
    "group": "setup",
    "description": "Reset the xp of a particular user in this server.",
    "requiresDatabase": true,
    "parameters": [
      "User Mention/ID"
    ],
    "examples": [
      "userxpreset @user",
      "resetuserxp 782939405931123456"
    ]
  },
  {
    "name": "watch",
    "aliases": [
      "anischedadd",
      "anischedwatch"
    ],
    "guildOnly": true,
    "adminOnly": true,
    "group": "setup",
    "description": "Adds a new anime to watch for new episodes of. You may provide an <:anilist:767062314121035806>AniList entry link or a <:mal:767062339177676800>MyAnimeList link. Supports multiple ids/links",
    "requiresDatabase": true,
    "parameters": [
      "Anilist/Mal link"
    ],
    "examples": [
      "watch https://myanimelist.net/anime/45678",
      "anischedadd https://anilist.co/anime/10778"
    ]
  },
  {
    "name": "welcometoggle",
    "aliases": [],
    "guildOnly": true,
    "adminOnly": true,
    "group": "setup",
    "description": "Toggle the `Member Greeter` on and off.",
    "requiresDatabase": true,
    "examples": [
      "welcometoggle"
    ]
  },
  {
    "name": "xpenable",
    "aliases": [
      "enablexp",
      "enablexpon",
      "xpenableon"
    ],
    "guildOnly": true,
    "adminOnly": true,
    "group": "setup",
    "description": "Enable collecting xp on **Disabled** mentioned channels",
    "requiresDatabase": true,
    "examples": [
      "xpenable"
    ]
  },
  {
    "name": "xpexcempt",
    "aliases": [
      "excemptxp",
      "disablexpon",
      "xpdisableon"
    ],
    "guildOnly": true,
    "adminOnly": true,
    "group": "setup",
    "description": "Disable collecting xp on mentioned channels",
    "requiresDatabase": true,
    "parameters": [
      "channel ID/Mention"
    ],
    "examples": [
      "xpexcempt 728374657483920192",
      "disablexpon #spam"
    ]
  },
  {
    "name": "xpreset",
    "aliases": [
      "resetxp",
      "resetserverxp"
    ],
    "guildOnly": true,
    "adminOnly": true,
    "rankcommand": true,
    "group": "setup",
    "description": "Resets the xp of all users for this server",
    "requiresDatabase": true,
    "clientPermissions": [
      "EMBED_LINKS"
    ],
    "examples": [
      "xpreset"
    ]
  },
  {
    "name": "xptoggle",
    "aliases": [
      "togglexp"
    ],
    "guildOnly": true,
    "adminOnly": true,
    "group": "setup",
    "description": "Toggle the xp system on/off for the server.",
    "requiresDatabase": true,
    "examples": [
      "xptoggle"
    ]
  },
  {
    "name": "bal",
    "aliases": [
      "balance",
      "credits"
    ],
    "guildOnly": true,
    "group": "social",
    "clientPermissions": [
      "EMBED_LINKS"
    ],
    "description": "Check your wallet, how much have you earned?",
    "requiresDatabase": true,
    "examples": [
      "bal",
      "balance",
      "credits"
    ]
  },
  {
    "name": "bank",
    "aliases": [
      "registerbank"
    ],
    "guildOnly": true,
    "group": "social",
    "description": "Begin storing your credits on bank. Required because wallet maximum capacity is 50000.",
    "requiresDatabase": true,
    "examples": [
      "bank",
      "registerbank"
    ]
  },
  {
    "name": "beg",
    "aliases": [
      "plead",
      "gimme"
    ],
    "guildOnly": true,
    "group": "social",
    "description": "Want to earn money some more? Why don't you try begging, maybe someone will give you.",
    "requiresDatabase": true,
    "examples": [
      "beg",
      "plead",
      "gimme"
    ]
  },
  {
    "name": "bet",
    "aliases": [
      "gamble"
    ],
    "guildOnly": true,
    "group": "social",
    "description": "Rely on fate to increase your balance... or lower it.",
    "requiresDatabase": true,
    "parameters": [
      "Amount"
    ],
    "examples": [
      "bet 5000",
      "gamble 500"
    ]
  },
  {
    "name": "buy",
    "aliases": [],
    "rankcommand": true,
    "clientPermissions": [
      "MANAGE_MESSAGES"
    ],
    "group": "social",
    "description": "Check what you can buy from the shop.",
    "requiresDatabase": true,
    "parameters": [
      "Item ID",
      "amount"
    ],
    "examples": [
      "buy 10",
      "buy 18 2"
    ]
  },
  {
    "name": "creditslb",
    "aliases": [
      "richlb",
      "richleaderboard",
      "creditsleaderboard"
    ],
    "guildOnly": true,
    "rankcommand": true,
    "group": "social",
    "description": "Shows the top credit earners for this server",
    "requiresDatabase": true,
    "clientPermissions": [
      "EMBED_LINKS"
    ],
    "examples": [
      "creditslb",
      "richlb"
    ]
  },
  {
    "name": "daily",
    "aliases": [],
    "guildOnly": true,
    "group": "social",
    "description": "Retrieve your daily reward <3",
    "requiresDatabase": true,
    "examples": [
      "daily"
    ]
  },
  {
    "name": "deleteitem",
    "aliases": [],
    "rankcommand": true,
    "group": "social",
    "description": "Deletes an item you own.",
    "requiresDatabase": true,
    "parameters": [
      "item ID",
      "amount"
    ],
    "examples": [
      "deleteitem 10",
      "deleteitem 18 2"
    ]
  },
  {
    "name": "deposit",
    "aliases": [
      "dep"
    ],
    "guildOnly": true,
    "group": "social",
    "description": "Deposit your credits to safeguard it!",
    "parameters": [
      "Amount"
    ],
    "requiresDatabase": true,
    "examples": [
      "deposit 10000",
      "dep all"
    ]
  },
  {
    "name": "find",
    "aliases": [
      "search"
    ],
    "guildOnly": true,
    "group": "social",
    "description": "You can find hidden credits on your surrounding if you try!",
    "requiresDatabase": true,
    "examples": [
      "find",
      "search"
    ]
  },
  {
    "name": "game",
    "aliases": [],
    "database": true,
    "group": "social",
    "clientPermissions": [
      "EMBED_LINKS",
      "ATTACH_FILES"
    ],
    "description": "Play some games to earn credits.",
    "parameters": [
      "game title"
    ],
    "requiresDatabase": true,
    "examples": [
      "game captcha"
    ]
  },
  {
    "name": "gift",
    "aliases": [
      "transferitem",
      "itemtransfer"
    ],
    "rankcommand": true,
    "group": "social",
    "description": "Give some of the items you own to a friend.",
    "requiresDatabase": true,
    "parameters": [
      "user ID/mention",
      "item ID",
      "amount"
    ],
    "examples": [
      "gift @user 10 2",
      "transferitem 756475746465746576 21",
      "itemtransfer @user 12"
    ]
  },
  {
    "name": "inventory",
    "aliases": [
      "inv"
    ],
    "rankcommand": true,
    "clientPermissions": [
      "MANAGE_MESSAGES"
    ],
    "group": "social",
    "description": "Check your items.",
    "requiresDatabase": true,
    "examples": [
      "inventory",
      "inv"
    ]
  },
  {
    "name": "leaderboard",
    "aliases": [
      "lb",
      "topxp"
    ],
    "guildOnly": true,
    "rankcommand": true,
    "group": "social",
    "description": "Shows the top xp earners for this server",
    "requiresDatabase": true,
    "clientPermissions": [
      "EMBED_LINKS"
    ],
    "examples": [
      "leaderboard",
      "lb",
      "topxp"
    ]
  },
  {
    "name": "market",
    "aliases": [],
    "rankcommand": true,
    "clientPermissions": [
      "MANAGE_MESSAGES"
    ],
    "group": "social",
    "description": "Check what you can buy from the shop.",
    "requiresDatabase": true,
    "examples": [
      "market"
    ]
  },
  {
    "name": "nonxpchannels",
    "aliases": [],
    "guildOnly": true,
    "adminOnly": true,
    "group": "social",
    "description": "See which channels do not give xp",
    "requiresDatabase": true,
    "examples": [
      "nonxpchannels"
    ]
  },
  {
    "name": "previewitem",
    "aliases": [
      "viewitem"
    ],
    "rankcommand": true,
    "clientPermissions": [
      "MANAGE_MESSAGES",
      "ATTACH_FILES"
    ],
    "group": "social",
    "description": "Check what you can buy from the shop.",
    "requiresDatabase": true,
    "parameters": [
      "item ID"
    ],
    "examples": [
      "previewitem 13",
      "viewitem 4"
    ]
  },
  {
    "name": "profile",
    "aliases": [
      "rank",
      "lvl",
      "xp",
      "level"
    ],
    "guildOnly": true,
    "rankcommand": true,
    "cooldown": {
      "time": 8000
    },
    "clientPermissions": [
      "ATTACH_FILES"
    ],
    "group": "social",
    "description": "Shows the current xp, level, rank, and other details of a user",
    "requiresDatabase": true,
    "parameters": [
      "User Mention/ID"
    ],
    "examples": [
      "profile",
      "rank @user",
      "lvl 78475628394857374"
    ]
  },
  {
    "name": "register",
    "aliases": [],
    "guildOnly": true,
    "group": "social",
    "description": "Start earning credits. Register to keep track of your earned credits!",
    "requiresDatabase": true,
    "examples": [
      "register"
    ]
  },
  {
    "name": "sell",
    "aliases": [],
    "rankcommand": true,
    "clientPermissions": [
      "MANAGE_MESSAGES"
    ],
    "group": "social",
    "description": "Sell some of your items to the shop.",
    "parameters": [
      "item ID",
      "amount"
    ],
    "examples": [
      "sell 7 2",
      "sell 18"
    ]
  },
  {
    "name": "setbio",
    "aliases": [],
    "rankcommand": true,
    "clientPermissions": [],
    "group": "social",
    "description": "Sets the profile bio for your profile card.",
    "requiresDatabase": true,
    "paramters": [
      "bio"
    ],
    "examples": [
      "setbio The coolest person in town"
    ]
  },
  {
    "name": "setbirthday",
    "aliases": [],
    "rankcommand": true,
    "clientPermissions": [],
    "group": "social",
    "description": "Sets the profile birthday for your profile card.",
    "requiresDatabase": true,
    "parameters": [
      "Date <DD-MM format>"
    ],
    "examples": [
      "setbirthday 02-12"
    ]
  },
  {
    "name": "setcolor",
    "aliases": [],
    "rankcommand": true,
    "clientPermissions": [],
    "group": "social",
    "description": "Sets the color for your profile card.",
    "requiresDatabase": true,
    "parameters": [
      "hex code"
    ],
    "examples": [
      "setcolor #e567da"
    ]
  },
  {
    "name": "tip",
    "aliases": [],
    "guildOnly": true,
    "group": "social",
    "description": "Give tip to your friends!",
    "requiresDatabase": true,
    "parameters": [
      "User Mention/ID"
    ],
    "examples": [
      "tip @user",
      "tip 78374756574839348"
    ]
  },
  {
    "name": "transfer",
    "aliases": [
      "give"
    ],
    "guildOnly": true,
    "group": "social",
    "description": "Transfer some of your credits to your friends!",
    "requiresDatabase": true,
    "parameters": [
      "User ID/Mention",
      "Amount"
    ],
    "examples": [
      "transfer @user 5000",
      "transfer 76859403847563546 10000"
    ]
  },
  {
    "name": "unequip",
    "aliases": [],
    "rankcommand": true,
    "clientPermissions": [
      "MANAGE_MESSAGES"
    ],
    "group": "social",
    "description": "Unequip a certain item.",
    "requiresDatabase": true,
    "parameters": [
      "item type"
    ],
    "examples": [
      "unequip wreath",
      "unequip background"
    ]
  },
  {
    "name": "use",
    "aliases": [
      "equip"
    ],
    "rankcommand": true,
    "clientPermissions": [
      "MANAGE_MESSAGES"
    ],
    "group": "social",
    "description": "Equips an item.",
    "requiresDatabase": true,
    "paramters": [
      "item ID"
    ],
    "examples": [
      "equip 67",
      "use 15"
    ]
  },
  {
    "name": "withdraw",
    "aliases": [],
    "guildOnly": true,
    "group": "social",
    "description": "Withdraw some of your money from the bank.",
    "requiresDatabase": true,
    "parameters": [
      "Amount"
    ],
    "examples": [
      "withdraw 17000",
      "withdraw all"
    ]
  },
  {
    "name": "avatar",
    "aliases": [
      "av",
      "pfp",
      "displayprofile"
    ],
    "clientPermissions": [
      "EMBED_LINKS"
    ],
    "group": "utility",
    "description": "Shows avatar of the provided user, or yourself",
    "parameters": [
      "User Mention / ID"
    ],
    "examples": [
      "avatar",
      "av @user",
      "pfp 728394857686950485"
    ]
  },
  {
    "name": "color",
    "aliases": [
      "colour",
      "hex"
    ],
    "group": "utility",
    "description": "Shows a random color or a preview of the given color",
    "parameters": [
      "hex code"
    ],
    "examples": [
      "color",
      "color #ffffff"
    ]
  },
  {
    "name": "define",
    "aliases": [
      "urban",
      "ud"
    ],
    "group": "utility",
    "description": "Searches for your query on Urban Dictionary.\nNote: Using this on a nsfw channel disables the word profanity filter feature.",
    "parameters": [
      "search query"
    ],
    "examples": [
      "define",
      "urban anime"
    ]
  },
  {
    "name": "emoji",
    "aliases": [],
    "group": "utility",
    "desciption": "Display the larger version of the supplied emoji",
    "parameters": [
      "emoji"
    ],
    "examples": [
      "emoji <emoji>"
    ]
  },
  {
    "name": "jisho",
    "aliases": [
      "weebify",
      "kanji",
      "nipponify"
    ],
    "cooldown": {
      "time": 10000,
      "message": "Accessing Jisho has been rate limited to 1 use per user per 10 seconds"
    },
    "group": "utility",
    "description": "Searches for Japanese words and Kanji on Jisho!",
    "parameters": [
      "word <kana/romaji>"
    ],
    "examples": [
      "jisho nani",
      "nipponify oyasumi",
      "weebify wakarimashita"
    ]
  },
  {
    "name": "listrole",
    "aliases": [
      "roles"
    ],
    "group": "utility",
    "guildOnly": true,
    "description": "Displays in list all of the roles this server has",
    "examples": [
      "listrole",
      "roles"
    ]
  },
  {
    "name": "lyrics",
    "aliases": [],
    "group": "utility",
    "description": "Searches for lyric info about a song from GeniuslLyrics, or Kimi no Sei, if no query are provided.",
    "parameters": [
      "Search Query"
    ],
    "examples": [
      "lyrics kimi no sei",
      "lyrics fukashigi no karte"
    ]
  },
  {
    "name": "permissionsfor",
    "aliases": [
      "permsfor"
    ],
    "group": "utility",
    "guildOnly": true,
    "description": "List the server permissions of mentioned user or provided ID",
    "parameters": [
      "User ID/Mention"
    ],
    "examples": [
      "permissionsfor @user",
      "permsfor 728394857675849399"
    ]
  },
  {
    "name": "reddit",
    "aliases": [
      "rdt",
      "subreddit",
      "redd.it",
      "fetchreddit"
    ],
    "cooldown": {
      "time": 10000,
      "message": "Accessing Reddit has been rate limited to 1 use per user per 10 seconds"
    },
    "group": "utility",
    "description": "Fetch a random image from the supplied subreddit",
    "parameters": [
      "subreddit"
    ],
    "examples": [
      "reddit churchofmai",
      "rdt seishunbutayarou"
    ]
  },
  {
    "name": "serverinfo",
    "aliases": [
      "guild",
      "server",
      "serverstat",
      "serverstats",
      "guildstat",
      "guildstats"
    ],
    "group": "utility",
    "guildOnly": true,
    "description": "Displays the basic information of the server",
    "examples": [
      "serverinfo"
    ]
  },
  {
    "name": "steam",
    "aliases": [],
    "cooldown": {
      "time": 10000,
      "message": "Accessing Steam has been rate limited to 1 use per user per 10 seconds"
    },
    "group": "utility",
    "description": "Searches <:steam:767062357952167946> [Steam](https://store.steampowered.com/ 'Steam Homepage') for games!, or Doki-doki literature club, if no query is provided.",
    "parameters": [
      "Search Query"
    ],
    "examples": [
      "steam dota2",
      "steam"
    ]
  },
  {
    "name": "userinfo",
    "aliases": [
      "whois"
    ],
    "guildOnly": true,
    "group": "utility",
    "description": "Fetch User Information (As of May 20, 2020 - The global function has been removed due to a possible violation to Discord ToS).",
    "parameters": [
      "User Mention/ID"
    ],
    "examples": [
      "userinfo @user",
      "whois 75869504958675123"
    ]
  }
]