[{"name":"Adidas","url":"https://i.imgur.com/UYy6Yji.png"},{"name":"ADT","url":"https://i.imgur.com/gy0MtQJ.png"},{"name":"Airbnb","url":"https://i.imgur.com/i31gD4C.png"},{"name":"Amazon","url":"https://i.imgur.com/k534ZSd.png"},{"name":"AMD","url":"https://i.imgur.com/nDzQdlM.png"},{"name":"Anker","url":"https://i.imgur.com/KAiWp0C.png"},{"name":"Apple","url":"https://i.imgur.com/hgJ3Fc6.png"},{"name":"Asos","url":"https://i.imgur.com/9VAlLFJ.png"},{"name":"Atari","url":"https://i.imgur.com/1Rr5XWQ.png"},{"name":"Balenciaga","url":"https://i.imgur.com/AzuYFsk.png"},{"name":"Bandai Namco","url":"https://i.imgur.com/xzQOM6N.png"},{"name":"Bank Of America","url":"https://i.imgur.com/37QeCRY.png"},{"name":"Barclays","url":"https://i.imgur.com/rXCOQXS.png"},{"name":"Bing","url":"https://i.imgur.com/nZ13LYv.png"},{"name":"Bitcoin","url":"https://i.imgur.com/DCpZaAg.png"},{"name":"BMW","url":"https://i.imgur.com/vL4CKq6.png"},{"name":"Booking","url":"https://i.imgur.com/tFMbq5g.png"},{"name":"BP","url":"https://i.imgur.com/J0h1AkH.png"},{"name":"Capcom","url":"https://i.imgur.com/O7brz9E.png"},{"name":"Champion","url":"https://i.imgur.com/avdNdrG.png"},{"name":"Cisco","url":"https://i.imgur.com/widM6Fj.png"},{"name":"Citroen","url":"https://i.imgur.com/2QewLJn.png"},{"name":"CNBC","url":"https://i.imgur.com/uqOyH6x.png"},{"name":"Coca-cola","url":"https://i.imgur.com/BjnnA7f.png"},{"name":"Costa","url":"https://i.imgur.com/uPQgX7n.png"},{"name":"Crunchyroll","url":"https://i.imgur.com/qgvuF2r.png"},{"name":"Dodge","url":"https://i.imgur.com/pr0HNNH.png"},{"name":"Dolby","url":"https://i.imgur.com/ryosTGW.png"},{"name":"Dominos","url":"https://i.imgur.com/V8xgWXG.png"},{"name":"DreamWorks","url":"https://i.imgur.com/ngyyrH2.png"},{"name":"Ducati","url":"https://i.imgur.com/H1VdnGo.png"},{"name":"Ebay","url":"https://i.imgur.com/b1gkeIA.png"},{"name":"Eizo","url":"https://i.imgur.com/bKdxG0u.png"},{"name":"Ericsson","url":"https://i.imgur.com/5Hm73Nn.png"},{"name":"Facebook","url":"https://i.imgur.com/QHzMhon.png"},{"name":"Fjallraven","url":"https://imgur.com/NRrveuz"},{"name":"Ford","url":"https://i.imgur.com/gTFfX7E.png"},{"name":"Github","url":"https://i.imgur.com/FbMP0Il.png"},{"name":"Givenchy","url":"https://i.imgur.com/69qMZ0G.png"},{"name":"Google","url":"https://i.imgur.com/e29AL0q.png"},{"name":"Goyard","url":"https://i.imgur.com/bKl2X3a.png"},{"name":"Gucci","url":"https://i.imgur.com/1XiWvO5.png"},{"name":"Honda","url":"https://i.imgur.com/ggZb9IU.png"},{"name":"Huawei","url":"https://i.imgur.com/Wmv5rGq.png"},{"name":"IBM","url":"https://i.imgur.com/jZuaPNS.png"},{"name":"Infiniti","url":"https://i.imgur.com/SYK7IE5.png"},{"name":"Intel","url":"https://i.imgur.com/oezihtx.png"},{"name":"Jaguar","url":"https://i.imgur.com/EV8Wrb5.png"},{"name":"JohnDeere","url":"https://i.imgur.com/W0oFL2U.png"},{"name":"Kappa","url":"https://i.imgur.com/BIDvY90.png"},{"name":"KFC","url":"https://i.imgur.com/RmW2x7U.png"},{"name":"Koenigsegg","url":"https://i.imgur.com/F9emQwW.png"},{"name":"Lamborghini","url":"https://i.imgur.com/CHX9hVC.png"},{"name":"Lexus","url":"https://i.imgur.com/wkqPCVz.png"},{"name":"LG","url":"https://i.imgur.com/9kDxfAP.png"},{"name":"Liteon","url":"https://i.imgur.com/eUxOEZj.png"},{"name":"LouisVuitton","url":"https://i.imgur.com/2Q5Wt30.png"},{"name":"Maersk","url":"https://i.imgur.com/YC8TOFL.png"},{"name":"Mazda","url":"https://i.imgur.com/jkKtd6p.png"},{"name":"McDonalds","url":"https://i.imgur.com/obOfFFM.png"},{"name":"MercedesBenz","url":"https://i.imgur.com/P5f9v4k.png"},{"name":"Microsoft","url":"https://i.imgur.com/mkn0LSt.png"},{"name":"Mitsubishi","url":"https://i.imgur.com/hz6LNmg.png"},{"name":"Monster","url":"https://i.imgur.com/DqgkyMA.png"},{"name":"MonsterCable","url":"https://i.imgur.com/uxrKE0m.png"},{"name":"MTV","url":"https://i.imgur.com/WqkgNQO.png"},{"name":"Nandos","url":"https://i.imgur.com/9mGLril.png"},{"name":"Napster","url":"https://i.imgur.com/U6vdgOb.png"},{"name":"Nestle","url":"https://i.imgur.com/4LguHIE.png"},{"name":"Netflix","url":"https://i.imgur.com/7Fr5GYD.png"},{"name":"Nike","url":"https://i.imgur.com/ZwCEfOg.png"},{"name":"Nintendo","url":"https://i.imgur.com/3zfDWxN.png"},{"name":"Novation","url":"https://i.imgur.com/DuZYD3h.png"},{"name":"Nvidia","url":"https://i.imgur.com/aBuNjqo.png"},{"name":"PapaJohns","url":"https://i.imgur.com/Gzo4dCT.png"},{"name":"Patagonia","url":"https://i.imgur.com/eqVwfNo.png"},{"name":"Peugeot","url":"https://i.imgur.com/0LrLSjb.png"},{"name":"Philips","url":"https://i.imgur.com/xwIW7Am.png"},{"name":"Pioneer","url":"https://i.imgur.com/SP5IMJ8.png"},{"name":"PizzaHut","url":"https://i.imgur.com/HsfOSIS.png"},{"name":"Playboy","url":"https://i.imgur.com/N7MwYAX.png"},{"name":"Playstation","url":"https://i.imgur.com/eC2pI75.png"},{"name":"Porsche","url":"https://i.imgur.com/or4DoNO.png"},{"name":"Rayban","url":"https://i.imgur.com/zQXzxhg.png"},{"name":"Razer","url":"https://i.imgur.com/A62kwHW.png"},{"name":"RedBull","url":"https://i.imgur.com/mvZ5XDI.png"},{"name":"RioTinto","url":"https://i.imgur.com/Ui5KPye.png"},{"name":"Rossignol","url":"https://i.imgur.com/KOSSsq3.png"},{"name":"Samsung","url":"https://i.imgur.com/OaUPLqE.png"},{"name":"Sanyo","url":"https://i.imgur.com/ohwSSu5.png"},{"name":"SAP","url":"https://i.imgur.com/6oPKoXu.png"},{"name":"Shell","url":"https://i.imgur.com/rbTbyPW.png"},{"name":"Skullcandy","url":"https://i.imgur.com/B7wqIBL.png"},{"name":"Skype","url":"https://i.imgur.com/NzvFNQV.png"},{"name":"Snapchat","url":"https://i.imgur.com/0w2BbY1.png"},{"name":"Sonos","url":"https://i.imgur.com/6ogdlRC.png"},{"name":"Sony","url":"https://i.imgur.com/CaHWl8O.png"},{"name":"Soundcloud","url":"https://i.imgur.com/5hh1KIb.png"},{"name":"Spotify","url":"https://i.imgur.com/jwsfviw.png"},{"name":"Starbucks","url":"https://i.imgur.com/ThfBii1.png"},{"name":"Steam","url":"https://i.imgur.com/h62zMGu.png"},{"name":"Subway","url":"https://i.imgur.com/oiwJBRa.png"},{"name":"Superdry","url":"https://i.imgur.com/UJ6QPBK.png"},{"name":"Supreme","url":"https://i.imgur.com/rzhCGAI.png"},{"name":"Tannoy","url":"https://i.imgur.com/SbGyFOE.png"},{"name":"Tesla","url":"https://i.imgur.com/oPQ7pBa.png"},{"name":"The Hundreds","url":"https://i.imgur.com/UgrJOhf.png"},{"name":"Timberland","url":"https://i.imgur.com/OkknrDT.png"},{"name":"Toyota","url":"https://i.imgur.com/EcDI3nW.png"},{"name":"Twitch","url":"https://i.imgur.com/gaOShHU.png"},{"name":"Twitter","url":"https://i.imgur.com/M1mE9Q2.png"},{"name":"Uber","url":"https://i.imgur.com/7QcM4n7.png"},{"name":"Ubisoft","url":"https://i.imgur.com/E8CjpZj.png"},{"name":"Vine","url":"https://i.imgur.com/cSmAzTD.png"},{"name":"Visa","url":"https://i.imgur.com/sKq9qHo.png"},{"name":"Volkswagen","url":"https://i.imgur.com/4LMY5kB.png"},{"name":"Wikipedia","url":"https://i.imgur.com/OENlI5S.png"},{"name":"Xbox","url":"https://i.imgur.com/hEMqtbB.png"},{"name":"Yamaha","url":"https://i.imgur.com/3Mgc1BO.png"},{"name":"YSL","url":"https://i.imgur.com/zGGCVWr.png"}]
