[
  {
    "id": 1,
    "name": "Default background",
    "description": "Default background for profile command.",
    "type": "background",
    "deletable": false,
    "giftable": false,
    "price": 0,
    "assets": {
      "link": "https://i.imgur.com/57eRI6H.jpg"
    }
  },
  {
    "id": 2,
    "name": "Default Pattern",
    "description": "Default pattern for profile command.",
    "type": "pattern",
    "deletable": false,
    "giftable": false,
    "price": 0,
    "assets": {
      "link": "https://i.imgur.com/nx5qJUb.png"
    }
  },
  {
    "id": 3,
    "name": "Midas' Golden Wreath",
    "description": "Rare profile wreath.",
    "type": "wreath",
    "deletable": true,
    "giftable": true,
    "price": 6000,
    "assets": {
      "link": "https://i.imgur.com/xsZHQcW.png"
    }
  },
  {
    "id": 4,
    "name": "Bronze Wreath",
    "description": "Uncommon profile wreath.",
    "type": "wreath",
    "deletable": true,
    "giftable": true,
    "price": 3500,
    "assets": {
      "link": "https://i.imgur.com/NmpP8oU.png"
    }
  },
  {
    "id": 5,
    "name": "Green Wreath",
    "description": "Uncommon profile wreath.",
    "type": "wreath",
    "deletable": true,
    "giftable": true,
    "price": 2750,
    "assets": {
      "link": "https://i.imgur.com/bzhoYpa.png"
    }
  },
  {
    "id": 6,
    "name": "Common Wreath",
    "description": "Common profile wreath.",
    "type": "wreath",
    "deletable": true,
    "giftable": true,
    "price": 1500,
    "assets": {
      "link": "https://i.imgur.com/NSEbnek.png"
    }
  },
  {
    "id": 7,
    "name": "Blissful Mai",
    "description": "Uncommon Profile background",
    "type": "background",
    "deletable": true,
    "giftable": true,
    "price": 10000,
    "assets": {
      "link": "https://i.imgur.com/JXZRmRt.png"
    }
  },
  {
    "id": 8,
    "name": "Mai in Cherry Blossom",
    "description": "Rare Profile background",
    "type": "background",
    "deletable": true,
    "giftable": true,
    "price": 16000,
    "assets": {
      "link": "https://i.imgur.com/gSfM6CM.jpg"
    }
  },
  {
    "id": 9,
    "name": "Mai and Sakuta",
    "description": "Rare Profile background",
    "type": "background",
    "deletable": true,
    "giftable": true,
    "price": 16000,
    "assets": {
      "link": "https://i.imgur.com/upIlJZ8.png"
    }
  },
  {
    "id": 10,
    "name": "Dopey Mai",
    "description": "Super Rare Profile background",
    "type": "background",
    "deletable": true,
    "giftable": false,
    "price": 22000,
    "assets": {
      "link": "https://i.imgur.com/NsMXWyL.jpg"
    }
  },
  {
    "id": 11,
    "name": "Bunny Pattern",
    "description": "Uncommon Profile Pattern",
    "type": "pattern",
    "deletable": true,
    "giftable": true,
    "price": 15000,
    "assets": {
      "link": "https://i.imgur.com/bnLhXeW.jpg"
    }
  },{
    "id": 12,
    "name": "Mai Approves Emblem",
    "description": "Uncommon Profile Emblem",
    "type": "emblem",
    "deletable": true,
    "giftable": true,
    "price": 20000,
    "assets": {
      "link": "https://i.imgur.com/akIFviF.png"
    }
  },{
    "id": 13,
    "name": "Boruto in Black",
    "description": "Uncommon Profile Background",
    "type": "background",
    "deletable": true,
    "giftable": true,
    "price": 10000,
    "assets": {
      "link": "https://i.imgur.com/ihUUy81.png"
    }
  },{
    "id": 14,
    "name": "Frost Girl",
    "description": "Rare Profile Background",
    "type": "background",
    "deletable": true,
    "giftable": true,
    "price": 16000,
    "assets": {
      "link": "https://i.imgur.com/6XnvjHM.png"
    }
  },{
    "id": 15,
    "name": "Hokage at Dawn",
    "description": "Uncommon Profile Background",
    "type": "background",
    "deletable": true,
    "giftable": true,
    "price": 10000,
    "assets": {
      "link": "https://i.imgur.com/vNpxJtf.png"
    }
  },{
    "id": 16,
    "name": "Hunter Cha Hae-In",
    "description": "Rare Profile Background",
    "type": "background",
    "deletable": true,
    "giftable": true,
    "price": 16000,
    "assets": {
      "link": "https://i.imgur.com/lHh6JTX.png"
    }
  },{
    "id": 17,
    "name": "Hunter Sung Jin-Woo",
    "description": "Rare Profile Background",
    "type": "background",
    "deletable": true,
    "giftable": true,
    "price": 16000,
    "assets": {
      "link": "https://i.imgur.com/qDij2SD.png"
    }
  },{
    "id": 18,
    "name": "Isla Plastic Memories",
    "description": "Uncommon Profile Background",
    "type": "background",
    "deletable": true,
    "giftable": true,
    "price": 10000,
    "assets": {
      "link": "https://i.imgur.com/gpHh7Rj.png"
    }
  },{
    "id": 19,
    "name": "Kawaii Shoujo",
    "description": "Uncommon Profile Background",
    "type": "background",
    "deletable": true,
    "giftable": true,
    "price": 10000,
    "assets": {
      "link": "https://i.imgur.com/dHZS2ko.png"
    }
  },{
    "id": 20,
    "name": "Ken Kaneki",
    "description": "Rare Profile Background",
    "type": "background",
    "deletable": true,
    "giftable": true,
    "price": 16000,
    "assets": {
      "link": "https://i.imgur.com/kHMAeb2.png"
    }
  },{
    "id": 21,
    "name": "Megumin",
    "description": "Super Rare Profile Background",
    "type": "background",
    "deletable": true,
    "giftable": true,
    "price": 22000,
    "assets": {
      "link": "https://i.imgur.com/lq4QeWB.png"
    }
  },{
    "id": 22,
    "name": "Mikasa Ackerman",
    "description": "Rare Profile Background",
    "type": "background",
    "deletable": true,
    "giftable": true,
    "price": 16000,
    "assets": {
      "link": "https://i.imgur.com/M4v5XyW.png"
    }
  },{
    "id": 23,
    "name": "Miku Hatsune 01",
    "description": "Super Rare Profile Background",
    "type": "background",
    "deletable": true,
    "giftable": true,
    "price": 22000,
    "assets": {
      "link": "https://i.imgur.com/Vx9euUN.png"
    }
  },{
    "id": 24,
    "name": "Miku Hatsune 02",
    "description": "Super Rare Profile Background",
    "type": "background",
    "deletable": true,
    "giftable": true,
    "price": 22000,
    "assets": {
      "link": "https://i.imgur.com/b62wIhR.png"
    }
  },{
    "id": 25,
    "name": "Moon Dive",
    "description": "Rare Profile Background",
    "type": "background",
    "deletable": true,
    "giftable": true,
    "price": 16000,
    "assets": {
      "link": "https://i.imgur.com/DV3ep4l.png"
    }
  },{
    "id": 26,
    "name": "Nekomimi",
    "description": "Uncommon Profile Background",
    "type": "background",
    "deletable": true,
    "giftable": true,
    "price": 10000,
    "assets": {
      "link": "https://i.imgur.com/AWQ9krI.png"
    }
  },{
    "id": 27,
    "name": "Neon Lights Purple",
    "description": "Rare Profile Background",
    "type": "background",
    "deletable": true,
    "giftable": true,
    "price": 16000,
    "assets": {
      "link": "https://i.imgur.com/sjpzBNi.png"
    }
  },{
    "id": 28,
    "name": "Red Demon Girl",
    "description": "Rare Profile Background",
    "type": "background",
    "deletable": true,
    "giftable": true,
    "price": 16000,
    "assets": {
      "link": "https://i.imgur.com/5P1H76f.png"
    }
  },{
    "id": 29,
    "name": "Shadow Monarch's Pride",
    "description": "Super Rare Profile Background",
    "type": "background",
    "deletable": true,
    "giftable": true,
    "price": 22000,
    "assets": {
      "link": "https://i.imgur.com/kLw1PIj.png"
    }
  },{
    "id": 30,
    "name": "Shana to Tsuki",
    "description": "Uncommon Profile Background",
    "type": "background",
    "deletable": true,
    "giftable": true,
    "price": 22000,
    "assets": {
      "link": "https://i.imgur.com/CwaB6XQ.png"
    }
  },{
    "id": 31,
    "name": "Shinobu Kocho",
    "description": "Rare Profile Background",
    "type": "background",
    "deletable": true,
    "giftable": true,
    "price": 16000,
    "assets": {
      "link": "https://i.imgur.com/miTkqJI.png"
    }
  },{
    "id": 32,
    "name": "Sukuna JJK",
    "description": "Rare Profile Background",
    "type": "background",
    "deletable": true,
    "giftable": true,
    "price": 16000,
    "assets": {
      "link": "https://i.imgur.com/b6o232P.png"
    }
  },{
    "id": 33,
    "name": "Swordswoman",
    "description": "Super Rare Profile Background",
    "type": "background",
    "deletable": true,
    "giftable": true,
    "price": 22000,
    "assets": {
      "link": "https://i.imgur.com/oFh8E17.png"
    }
  },{
    "id": 34,
    "name": "Violet Evergarden",
    "description": "Rare Profile Background",
    "type": "background",
    "deletable": true,
    "giftable": true,
    "price": 16000,
    "assets": {
      "link": "https://i.imgur.com/qQ4bFJg.png"
    }
  },{
    "id": 35,
    "name": "Monkey D. Ruffie",
    "description": "Rare Profile Emblem",
    "type": "emblem",
    "deletable": true,
    "giftable": true,
    "price": 25000,
    "assets": {
      "link": "https://i.imgur.com/CmdVWzS.png"
    }
  },{
    "id": 36,
    "name": "Nezuko",
    "description": "Uncommon Profile Emblem",
    "type": "emblem",
    "deletable": true,
    "giftable": true,
    "price": 20000,
    "assets": {
      "link": "https://i.imgur.com/Flmb0gd.png"
    }
  },{
    "id": 37,
    "name": "2turu",
    "description": "Rare Profile Emblem",
    "type": "emblem",
    "deletable": true,
    "giftable": true,
    "price": 25000,
    "assets": {
      "link": "https://i.imgur.com/kKOIJjk.png"
    }
  },{
    "id": 38,
    "name": "PotatoGirl",
    "description": "Rare Profile Emblem",
    "type": "emblem",
    "deletable": true,
    "giftable": true,
    "price": 25000,
    "assets": {
      "link": "https://i.imgur.com/DSpPTsG.png"
    }
  },{
    "id": 39,
    "name": "Bam",
    "description": "Rare Profile Emblem",
    "type": "emblem",
    "deletable": true,
    "giftable": true,
    "price": 25000,
    "assets": {
      "link": "https://i.imgur.com/kzoCRtJ.png"
    }
  },{
    "id": 40,
    "name": "Raughh",
    "description": "Super Rare Profile Emblem",
    "type": "emblem",
    "deletable": true,
    "giftable": true,
    "price": 32000,
    "assets": {
      "link": "https://i.imgur.com/7Of98fM.png"
    }
  },{
    "id": 41,
    "name": "Cat Pattern",
    "description": "Uncommon Profile Pattern",
    "type": "pattern",
    "deletable": true,
    "giftable": true,
    "price": 15000,
    "assets": {
      "link": "https://i.imgur.com/hErtLVO.png"
    }
  },{
    "id": 42,
    "name": "Kawaii Bear Pattern",
    "description": "Uncommon Profile Pattern",
    "type": "pattern",
    "deletable": true,
    "giftable": true,
    "price": 15000,
    "assets": {
      "link": "https://i.imgur.com/myWPBD1.png"
    }
  },{
    "id": 43,
    "name": "Bunny Stars Pattern",
    "description": "Uncommon Profile Pattern",
    "type": "pattern",
    "deletable": true,
    "giftable": true,
    "price": 15000,
    "assets": {
      "link": "https://i.imgur.com/ddSbnUP.png"
    }
  },{
    "id": 44,
    "name": "Santa Hat",
    "description": "Rare Profile Hat",
    "type": "hat",
    "deletable": true,
    "giftable": true,
    "price": 25000,
    "assets": {
      "link": "https://i.imgur.com/rg52vLS.png"
    }
  },{
    "id": 45,
    "name": "Bunny Ears",
    "description": "Super Rare Profile Hat",
    "type": "hat",
    "deletable": true,
    "giftable": true,
    "price": 35000,
    "assets": {
      "link": "https://i.imgur.com/wJ4wuxL.png"
    }
  },{
    "id": 46,
    "name": "Tamako and Anko",
    "description": "Rare Profile Background",
    "type": "background",
    "deletable": true,
    "giftable": true,
    "price": 16000,
    "assets": {
      "link": "https://i.imgur.com/IOeB3ne.png"
    }
  },{
    "id": 47,
    "name": "Dera annoying Tamako",
    "description": "Uncommon Profile Background",
    "type": "background",
    "deletable": true,
    "giftable": true,
    "price": 10000,
    "assets": {
      "link": "https://i.imgur.com/NeWCy4v.png"
    }
  },{
    "id": 48,
    "name": "Tamako Smiling",
    "description": "Rare Profile Background",
    "type": "background",
    "deletable": true,
    "giftable": true,
    "price": 15000,
    "assets": {
      "link": "https://i.imgur.com/hOblDlT.png"
    }
  },{
    "id": 49,
    "name": "Anko Teasing",
    "description": "Super Rare Profile Background",
    "type": "background",
    "deletable": true,
    "giftable": true,
    "price": 22000,
    "assets": {
      "link": "https://i.imgur.com/ICE5VuD.png"
    }
  },{
    "id": 50,
    "name": "Tamako in Glasses",
    "description": "Uncommon Profile Background",
    "type": "background",
    "deletable": true,
    "giftable": true,
    "price": 12000,
    "assets": {
      "link": "https://i.imgur.com/VgRzdlL.png"
    }
  },{
    "id": 51,
    "name": "Tamako and Mochizou together",
    "description": "Rare Profile Background",
    "type": "background",
    "deletable": true,
    "giftable": true,
    "price": 15000,
    "assets": {
      "link": "https://i.imgur.com/D0YYFFd.png"
    }
  },{
    "id": 52,
    "name": "Cheering Mochizou & Tamako",
    "description": "Rare Profile Background",
    "type": "background",
    "deletable": true,
    "giftable": true,
    "price": 18000,
    "assets": {
      "link": "https://i.imgur.com/oPLQgb5.png"
    }
  },{
    "id": 53,
    "name": "Bear Ears",
    "description": "Uncommon Profile Hat",
    "type": "hat",
    "deletable": true,
    "giftable": true,
    "price": 18000,
    "assets": {
      "link": "https://i.imgur.com/8wabriL.png"
    }
  },{
    "id": 54,
    "name": "Cat Ears",
    "description": "Uncommon Profile Hat",
    "type": "hat",
    "deletable": true,
    "giftable": true,
    "price": 18000,
    "assets": {
      "link": "https://i.imgur.com/0lCGZU9.png"
    }
  },{
    "id": 55,
    "name": "Elaine's Hat",
    "description": "Super Rare Profile Hat",
    "type": "hat",
    "deletable": true,
    "giftable": true,
    "price": 35000,
    "assets": {
      "link": "https://i.imgur.com/u64ReU3.png"
    }
  },{
    "id": 56,
    "name": "Jotaro's Hat",
    "description": "Rare Profile Hat",
    "type": "hat",
    "deletable": true,
    "giftable": true,
    "price": 25000,
    "assets": {
      "link": "https://i.imgur.com/djHvCkN.png"
    }
  },{
    "id": 57,
    "name": "Luffy's Hat",
    "description": "Rare Profile Hat",
    "type": "hat",
    "deletable": true,
    "giftable": true,
    "price": 25000,
    "assets": {
      "link": "https://i.imgur.com/Bec7MDK.png"
    }
  },{
    "id": 58,
    "name": "Megumin's Hat",
    "description": "Super Rare Profile Hat",
    "type": "hat",
    "deletable": true,
    "giftable": true,
    "price": 35000,
    "assets": {
      "link": "https://i.imgur.com/CjAmivx.png"
    }
  },{
    "id": 59,
    "name": "Platelet-chan's Cap",
    "description": "Uncommon Profile Hat",
    "type": "hat",
    "deletable": true,
    "giftable": true,
    "price": 18000,
    "assets": {
      "link": "https://i.imgur.com/ij1PW7l.png"
    }
  },{
    "id": 60,
    "name": "Autism-meme cap",
    "description": "Uncommon Profile Hat",
    "type": "hat",
    "deletable": true,
    "giftable": true,
    "price": 18000,
    "assets": {
      "link": "https://i.imgur.com/WzeZN42.png"
    }
  },{
    "id": 61,
    "name": "Nezuko's Haori Pattern",
    "description": "Rare Profile Pattern",
    "type": "pattern",
    "deletable": true,
    "giftable": true,
    "price": 18000,
    "assets": {
      "link": "https://i.imgur.com/vneCWt8.png"
    }
  },{
    "id": 62,
    "name": "Sabito's Haori Pattern",
    "description": "Rare Profile Pattern",
    "type": "pattern",
    "deletable": true,
    "giftable": true,
    "price": 18000,
    "assets": {
      "link": "https://i.imgur.com/LBFaY9n.png"
    }
  },{
    "id": 63,
    "name": "Shinobu's Haori Pattern",
    "description": "Rare Profile Pattern",
    "type": "pattern",
    "deletable": true,
    "giftable": true,
    "price": 18000,
    "assets": {
      "link": "https://i.imgur.com/SLMOftt.png"
    }
  },{
    "id": 64,
    "name": "Tanjiro's Haori Pattern",
    "description": "Rare Profile Pattern",
    "type": "pattern",
    "deletable": true,
    "giftable": true,
    "price": 18000,
    "assets": {
      "link": "https://i.imgur.com/VIgE4Kk.png"
    }
  },{
    "id": 65,
    "name": "Zenitsu's Haori Pattern",
    "description": "Rare Profile Pattern",
    "type": "pattern",
    "deletable": true,
    "giftable": true,
    "price": 18000,
    "assets": {
      "link": "https://i.imgur.com/gGtB7Ue.png"
    }
  },{
    "id": 66,
    "name": "Akatzuki Pattern",
    "description": "Uncommon Profile Pattern",
    "type": "pattern",
    "deletable": true,
    "giftable": true,
    "price": 15000,
    "assets": {
      "link": "https://i.imgur.com/zIJ45ab.png"
    }
  },{
    "id": 67,
    "name": "Saitama's Pattern",
    "description": "Uncommon Profile Pattern",
    "type": "pattern",
    "deletable": true,
    "giftable": true,
    "price": 15000,
    "assets": {
      "link": "https://i.imgur.com/H9W02iA.png"
    }
  },{
    "id": 68,
    "name": "Tamako loves Flowers",
    "description": "Uncommon Profile Emblem",
    "type": "emblem",
    "deletable": true,
    "giftable": true,
    "price": 12000,
    "assets": {
      "link": "https://i.imgur.com/s0OYPpx.png"
    }
  },{
    "id": 69,
    "name": "Dera Mochmazzi",
    "description": "Uncommon Profile Emblem",
    "type": "emblem",
    "deletable": true,
    "giftable": true,
    "price": 12000,
    "assets": {
      "link": "https://i.imgur.com/FI0gqMF.png"
    }
  },{
    "id": 70,
    "name": "Wholesome Anko",
    "description": "Rare Profile Emblem",
    "type": "emblem",
    "deletable": true,
    "giftable": true,
    "price": 20000,
    "assets": {
      "link": "https://i.imgur.com/rfIOHrG.png"
    }
  },{
     "id": 71,
    "name": "Megumin Angwry",
    "description": "Uncommon Profile Emblem",
    "type": "emblem",
    "deletable": true,
    "giftable": true,
    "price": 12000,
    "assets": {
      "link": "https://i.imgur.com/rgtr8De.png"
    }
  },{
    "id": 72,
    "name": "Megumin Point Up",
    "description": "Uncommon Profile Emblem",
    "type": "emblem",
    "deletable": true,
    "giftable": true,
    "price": 18000,
    "assets": {
      "link": "https://i.imgur.com/v7fybxn.png"
    }
  },{
    "id": 73,
    "name": "Megumin Lazygumin",
    "description": "Uncommon Profile Emblem",
    "type": "emblem",
    "deletable": true,
    "giftable": true,
    "price": 20000,
    "assets": {
      "link": "https://i.imgur.com/v9ZaGGI.png"
    }
  },{
    "id": 74,
    "name": "Megumin Kawaii",
    "description": "Uncommon Profile Emblem",
    "type": "emblem",
    "deletable": true,
    "giftable": true,
    "price": 20000,
    "assets": {
      "link": "https://i.imgur.com/VDZ3ppW.png"
    }
  },{
    "id": 75,
    "name": "Megumin Smug",
    "description": "Rare Profile Emblem",
    "type": "emblem",
    "deletable": true,
    "giftable": true,
    "price": 30000,
    "assets": {
      "link": "https://i.imgur.com/UnjCkMd.png"
    }
  },{
    "id": 76,
    "name": "Megumin - Chuuni na Majo",
    "description": "Super Rare Profile Emblem",
    "type": "emblem",
    "deletable": true,
    "giftable": true,
    "price": 35000,
    "assets": {
      "link": "https://i.imgur.com/YmZYBiY.png"
    }
  },{
    "id": 77,
    "name": "Violet evergarden",
    "description": "Rare Profile Background",
    "type": "background",
    "deletable": true,
    "giftable": true,
    "price": 15000,
    "assets": {
      "link": "https://i.imgur.com/b7SQkTJ.png"
    }
  },{
    "id": 78,
    "name": "World End",
    "description": "Uncommon Profile Background",
    "type": "background",
    "deletable": true,
    "giftable": true,
    "price": 10000,
    "assets": {
      "link": "https://i.imgur.com/MCb6UYl.png"
    }
  },{
    "id": 79,
    "name": "Shelter",
    "description": "Rare Profile Background",
    "type": "background",
    "deletable": true,
    "giftable": true,
    "price": 15000,
    "assets": {
      "link": "https://i.imgur.com/djQUKcd.png"
    }
  },{
    "id": 80,
    "name": "Rory Mercury Gate",
    "description": "Rare Profile Background",
    "type": "background",
    "deletable": true,
    "giftable": true,
    "price": 15000,
    "assets": {
      "link": "https://i.imgur.com/BxA2YSg.png"
    }
  },{
    "id": 81,
    "name": "Shiro NGNL",
    "description": "Uncommon Profile Background",
    "type": "background",
    "deletable": true,
    "giftable": true,
    "price": 10000,
    "assets": {
      "link": "https://i.imgur.com/YFy1CAV.png"
    }
  },{
    "id": 82,
    "name": "Made in Abyss",
    "description": "Rare Profile Background",
    "type": "background",
    "deletable": true,
    "giftable": true,
    "price": 17000,
    "assets": {
      "link": "https://i.imgur.com/fT1MO8I.png"
    }
  },{
    "id": 83,
    "name": "Assassination classroom",
    "description": "Uncommon Profile Background",
    "type": "background",
    "deletable": true,
    "giftable": true,
    "price": 12000,
    "assets": {
      "link": "https://i.imgur.com/LukCj9s.png"
    }
  },{
    "id": 84,
    "name": "Anohana",
    "description": "Rare Profile Background",
    "type": "background",
    "deletable": true,
    "giftable": true,
    "price": 15000,
    "assets": {
      "link": "https://i.imgur.com/EprdGpe.png"
    }
  },{
    "id": 85,
    "name": "Taki and Mitsuha",
    "description": "Rare Profile Background",
    "type": "background",
    "deletable": true,
    "giftable": true,
    "price": 22000,
    "assets": {
      "link": "https://i.imgur.com/h8NIocv.png"
    }
  },{
    "id": 86,
    "name": "Your Lie in april",
    "description": "Rare Profile Background",
    "type": "background",
    "deletable": true,
    "giftable": true,
    "price": 18000,
    "assets": {
      "link": "https://i.imgur.com/DrmbNka.png"
    }
  },{
    "id": 87,
    "name": "Date a Live",
    "description": "Uncommon Profile Background",
    "type": "background",
    "deletable": true,
    "giftable": true,
    "price": 12000,
    "assets": {
      "link": "https://i.imgur.com/78z5pAX.png"
    }
  },{
    "id": 88,
    "name": "Angel Beats",
    "description": "Rare Profile Background",
    "type": "background",
    "deletable": true,
    "giftable": true,
    "price": 12000,
    "assets": {
      "link": "https://i.imgur.com/tpxTwp9.png"
    }
  },{
    "id": 89,
    "name": "Tanya the Loli",
    "description": "Rare Profile Background",
    "type": "background",
    "deletable": true,
    "giftable": true,
    "price": 18000,
    "assets": {
      "link": "https://i.imgur.com/jFKGy5x.png"
    }
  },{
    "id": 90,
    "name": "Girl looking at night sky",
    "description": "Rare Profile Background",
    "type": "background",
    "deletable": true,
    "giftable": true,
    "price": 20000,
    "assets": {
      "link": "https://i.imgur.com/IRfgxvl.png"
    }
  },{
    "id": 91,
    "name": "Eclipse",
    "description": "Rare Profile Background",
    "type": "background",
    "deletable": true,
    "giftable": true,
    "price": 20000,
    "assets": {
      "link": "https://i.imgur.com/hl7VJ0I.png"
    }
  },{
    "id": 92,
    "name": "Girl Drawing",
    "description": "Uncommon Profile Background",
    "type": "background",
    "deletable": true,
    "giftable": true,
    "price": 12000,
    "assets": {
      "link": "https://i.imgur.com/2qrW1rK.png"
    }
  },{
    "id": 93,
    "name": "Space",
    "description": "Rare Profile Background",
    "type": "background",
    "deletable": true,
    "giftable": true,
    "price": 18000,
    "assets": {
      "link": "https://i.imgur.com/899JaFT.png"
    }
  },{
    "id": 94,
    "name": "SL Ahjin Emblem",
    "description": "Rare Profile Emblem",
    "type": "emblem",
    "deletable": true,
    "giftable": true,
    "price": 30000,
    "assets": {
      "link": "https://i.imgur.com/ffH9gnI.png"
    }
  }
]
